answer,company_return_id,filing_calendar_id,filing_question_id,region,tax_form_code
,3900771,3900771,1,AR,USARET1
1,3900771,3900771,2,AR,USARET1
OJMD Partnership,3900771,3900771,24,AR,USARET1
RedDogMS,3900771,3900771,26,AR,USARET1
********,3900771,3900771,27,AR,USARET1
3015 Blossom Trail Ln,3900771,3900771,28,AR,USARET1
Franklin,3900771,3900771,30,AR,USARET1
TN,3900771,3900771,31,AR,USARET1
37064-3363,3900771,3900771,32,AR,USARET1
US,3900771,3900771,33,AR,USARET1
(806) 515-4683,3900771,3900771,34,AR,USARET1
45-3991770,3900771,3900771,36,AR,USARET1
,3900732,3900732,1,HI,USHIG45
1,3900732,3900732,2,HI,USHIG45
OJMD Partnership,3900732,3900732,24,HI,USHIG45
Reddog1234,3900732,3900732,26,HI,USHIG45
********,3900732,3900732,27,HI,USHIG45
3015 Blossom Trail Ln,3900732,3900732,28,HI,USHIG45
Franklin,3900732,3900732,30,HI,USHIG45
TN,3900732,3900732,31,HI,USHIG45
37064-3363,3900732,3900732,32,HI,USHIG45
US,3900732,3900732,33,HI,USHIG45
(806) 515-4683,3900732,3900732,34,HI,USHIG45
45-3991770,3900732,3900732,36,HI,USHIG45
,3900768,3900768,1,WY,USWYF41
1,3900768,3900768,2,WY,USWYF41
OJMD Partnership,3900768,3900768,24,WY,USWYF41
merrelln1234,3900768,3900768,26,WY,USWYF41
********,3900768,3900768,27,WY,USWYF41
3015 Blossom Trail Ln,3900768,3900768,28,WY,USWYF41
Franklin,3900768,3900768,30,WY,USWYF41
TN,3900768,3900768,31,WY,USWYF41
37064-3363,3900768,3900768,32,WY,USWYF41
US,3900768,3900768,33,WY,USWYF41
(806) 515-4683,3900768,3900768,34,WY,USWYF41
45-3991770,3900768,3900768,36,WY,USWYF41
,3900773,3900773,1,CA,USCACDTFA401A2
1,3900773,3900773,2,CA,USCACDTFA401A2
OJMD Partnership,3900773,3900773,24,CA,USCACDTFA401A2
RedDogMS,3900773,3900773,26,CA,USCACDTFA401A2
********,3900773,3900773,27,CA,USCACDTFA401A2
3015 Blossom Trail Ln,3900773,3900773,28,CA,USCACDTFA401A2
Franklin,3900773,3900773,30,CA,USCACDTFA401A2
TN,3900773,3900773,31,CA,USCACDTFA401A2
37064-3363,3900773,3900773,32,CA,USCACDTFA401A2
US,3900773,3900773,33,CA,USCACDTFA401A2
(806) 515-4683,3900773,3900773,34,CA,USCACDTFA401A2
45-3991770,3900773,3900773,36,CA,USCACDTFA401A2
,4230668,4230668,1,CO,USCODR0100
1,4230668,4230668,2,CO,USCODR0100
OJMD Partnership,4230668,4230668,24,CO,USCODR0100
Mudmixer,4230668,4230668,26,CO,USCODR0100
********,4230668,4230668,27,CO,USCODR0100
3015 Blossom Trail Ln,4230668,4230668,28,CO,USCODR0100
Franklin,4230668,4230668,30,CO,USCODR0100
TN,4230668,4230668,31,CO,USCODR0100
37064-3363,4230668,4230668,32,CO,USCODR0100
US,4230668,4230668,33,CO,USCODR0100
(806) 515-4683,4230668,4230668,34,CO,USCODR0100
45-3991770,4230668,4230668,36,CO,USCODR0100
,3900731,3900731,1,GA,USGAST3SALES
1,3900731,3900731,2,GA,USGAST3SALES
OJMD Partnership,3900731,3900731,24,GA,USGAST3SALES
Mudmixer,3900731,3900731,26,GA,USGAST3SALES
********,3900731,3900731,27,GA,USGAST3SALES
3015 Blossom Trail Ln,3900731,3900731,28,GA,USGAST3SALES
Franklin,3900731,3900731,30,GA,USGAST3SALES
TN,3900731,3900731,31,GA,USGAST3SALES
37064-3363,3900731,3900731,32,GA,USGAST3SALES
US,3900731,3900731,33,GA,USGAST3SALES
(806) 515-4683,3900731,3900731,34,GA,USGAST3SALES
45-3991770,3900731,3900731,36,GA,USGAST3SALES
,3900737,3900737,1,KS,USKSCT9U
1,3900737,3900737,2,KS,USKSCT9U
OJMD Partnership,3900737,3900737,24,KS,USKSCT9U
admin@cpajain.com,3900737,3900737,26,KS,USKSCT9U
********,3900737,3900737,27,KS,USKSCT9U
3015 Blossom Trail Ln,3900737,3900737,28,KS,USKSCT9U
Franklin,3900737,3900737,30,KS,USKSCT9U
TN,3900737,3900737,31,KS,USKSCT9U
37064-3363,3900737,3900737,32,KS,USKSCT9U
US,3900737,3900737,33,KS,USKSCT9U
(806) 515-4683,3900737,3900737,34,KS,USKSCT9U
45-3991770,3900737,3900737,36,KS,USKSCT9U
,3900777,3900777,1,FL,USFLDR15
1,3900777,3900777,2,FL,USFLDR15
OJMD Partnership,3900777,3900777,24,FL,USFLDR15
7880190099513,3900777,3900777,26,FL,USFLDR15
********,3900777,3900777,27,FL,USFLDR15
3015 Blossom Trail Ln,3900777,3900777,28,FL,USFLDR15
Franklin,3900777,3900777,30,FL,USFLDR15
TN,3900777,3900777,31,FL,USFLDR15
37064-3363,3900777,3900777,32,FL,USFLDR15
US,3900777,3900777,33,FL,USFLDR15
(806) 515-4683,3900777,3900777,34,FL,USFLDR15
45-3991770,3900777,3900777,36,FL,USFLDR15
,3900735,3900735,1,IL,USILST1
1,3900735,3900735,2,IL,USILST1
OJMD Partnership,3900735,3900735,24,IL,USILST1
Reddog1234,3900735,3900735,26,IL,USILST1
********,3900735,3900735,27,IL,USILST1
3015 Blossom Trail Ln,3900735,3900735,28,IL,USILST1
Franklin,3900735,3900735,30,IL,USILST1
TN,3900735,3900735,31,IL,USILST1
37064-3363,3900735,3900735,32,IL,USILST1
US,3900735,3900735,33,IL,USILST1
(806) 515-4683,3900735,3900735,34,IL,USILST1
45-3991770,3900735,3900735,36,IL,USILST1
,3900734,3900734,1,ID,USID850
1,3900734,3900734,2,ID,USID850
OJMD Partnership,3900734,3900734,24,ID,USID850
Reddog1234,3900734,3900734,26,ID,USID850
********,3900734,3900734,27,ID,USID850
3015 Blossom Trail Ln,3900734,3900734,28,ID,USID850
Franklin,3900734,3900734,30,ID,USID850
TN,3900734,3900734,31,ID,USID850
37064-3363,3900734,3900734,32,ID,USID850
US,3900734,3900734,33,ID,USID850
(806) 515-4683,3900734,3900734,34,ID,USID850
45-3991770,3900734,3900734,36,ID,USID850
,3980271,3980271,1,MA,USMAST9
1,3980271,3980271,2,MA,USMAST9
OJMD Partnership,3980271,3980271,24,MA,USMAST9
ViniCPA,3980271,3980271,26,MA,USMAST9
********,3980271,3980271,27,MA,USMAST9
3015 Blossom Trail Ln,3980271,3980271,28,MA,USMAST9
Franklin,3980271,3980271,30,MA,USMAST9
TN,3980271,3980271,31,MA,USMAST9
37064-3363,3980271,3980271,32,MA,USMAST9
US,3980271,3980271,33,MA,USMAST9
(806) 515-4683,3980271,3980271,34,MA,USMAST9
45-3991770,3980271,3980271,36,MA,USMAST9
,3900743,3900743,1,ME,USMEST7
1,3900743,3900743,2,ME,USMEST7
OJMD Partnership,3900743,3900743,24,ME,USMEST7
Mudmixer,3900743,3900743,26,ME,USMEST7
********,3900743,3900743,27,ME,USMEST7
3015 Blossom Trail Ln,3900743,3900743,28,ME,USMEST7
Franklin,3900743,3900743,30,ME,USMEST7
TN,3900743,3900743,31,ME,USMEST7
37064-3363,3900743,3900743,32,ME,USMEST7
US,3900743,3900743,33,ME,USMEST7
(806) 515-4683,3900743,3900743,34,ME,USMEST7
45-3991770,3900743,3900743,36,ME,USMEST7
,3900744,3900744,1,MI,USMI5080SU
1,3900744,3900744,2,MI,USMI5080SU
OJMD Partnership,3900744,3900744,24,MI,USMI5080SU
merrelln1234,3900744,3900744,26,MI,USMI5080SU
********,3900744,3900744,27,MI,USMI5080SU
3015 Blossom Trail Ln,3900744,3900744,28,MI,USMI5080SU
Franklin,3900744,3900744,30,MI,USMI5080SU
TN,3900744,3900744,31,MI,USMI5080SU
37064-3363,3900744,3900744,32,MI,USMI5080SU
US,3900744,3900744,33,MI,USMI5080SU
(806) 515-4683,3900744,3900744,34,MI,USMI5080SU
45-3991770,3900744,3900744,36,MI,USMI5080SU
,3995361,3995361,1,VA,USVAST1SU
1,3995361,3995361,2,VA,USVAST1SU
OJMD Partnership,3995361,3995361,24,VA,USVAST1SU
MikeCarmody,3995361,3995361,26,VA,USVAST1SU
********,3995361,3995361,27,VA,USVAST1SU
3015 Blossom Trail Ln,3995361,3995361,28,VA,USVAST1SU
Franklin,3995361,3995361,30,VA,USVAST1SU
TN,3995361,3995361,31,VA,USVAST1SU
37064-3363,3995361,3995361,32,VA,USVAST1SU
US,3995361,3995361,33,VA,USVAST1SU
(806) 515-4683,3995361,3995361,34,VA,USVAST1SU
45-3991770,3995361,3995361,36,VA,USVAST1SU
,3900746,3900746,1,MN,USMNPV49
1,3900746,3900746,2,MN,USMNPV49
OJMD Partnership,3900746,3900746,24,MN,USMNPV49
S00344388,3900746,3900746,26,MN,USMNPV49
********,3900746,3900746,27,MN,USMNPV49
3015 Blossom Trail Ln,3900746,3900746,28,MN,USMNPV49
Franklin,3900746,3900746,30,MN,USMNPV49
TN,3900746,3900746,31,MN,USMNPV49
37064-3363,3900746,3900746,32,MN,USMNPV49
US,3900746,3900746,33,MN,USMNPV49
(806) 515-4683,3900746,3900746,34,MN,USMNPV49
45-3991770,3900746,3900746,36,MN,USMNPV49
,4019387,4019387,1,NC,USNCE500E536
1,4019387,4019387,2,NC,USNCE500E536
OJMD Partnership,4019387,4019387,24,NC,USNCE500E536
S00344388,4019387,4019387,26,NC,USNCE500E536
********,4019387,4019387,27,NC,USNCE500E536
3015 Blossom Trail Ln,4019387,4019387,28,NC,USNCE500E536
Franklin,4019387,4019387,30,NC,USNCE500E536
TN,4019387,4019387,31,NC,USNCE500E536
37064-3363,4019387,4019387,32,NC,USNCE500E536
US,4019387,4019387,33,NC,USNCE500E536
(806) 515-4683,4019387,4019387,34,NC,USNCE500E536
45-3991770,4019387,4019387,36,NC,USNCE500E536
,3900752,3900752,1,NJ,USNJST50
1,3900752,3900752,2,NJ,USNJST50
OJMD Partnership,3900752,3900752,24,NJ,USNJST50
453991770000,3900752,3900752,26,NJ,USNJST50
********,3900752,3900752,27,NJ,USNJST50
3015 Blossom Trail Ln,3900752,3900752,28,NJ,USNJST50
Franklin,3900752,3900752,30,NJ,USNJST50
TN,3900752,3900752,31,NJ,USNJST50
37064-3363,3900752,3900752,32,NJ,USNJST50
US,3900752,3900752,33,NJ,USNJST50
(806) 515-4683,3900752,3900752,34,NJ,USNJST50
45-3991770,3900752,3900752,36,NJ,USNJST50
,3900769,3900769,1,OK,USOKSTS2000220021
1,3900769,3900769,2,OK,USOKSTS2000220021
OJMD Partnership,3900769,3900769,24,OK,USOKSTS2000220021
RedDogMobile,3900769,3900769,26,OK,USOKSTS2000220021
********,3900769,3900769,27,OK,USOKSTS2000220021
3015 Blossom Trail Ln,3900769,3900769,28,OK,USOKSTS2000220021
Franklin,3900769,3900769,30,OK,USOKSTS2000220021
TN,3900769,3900769,31,OK,USOKSTS2000220021
37064-3363,3900769,3900769,32,OK,USOKSTS2000220021
US,3900769,3900769,33,OK,USOKSTS2000220021
(806) 515-4683,3900769,3900769,34,OK,USOKSTS2000220021
45-3991770,3900769,3900769,36,OK,USOKSTS2000220021
,3900758,3900758,1,PA,USPAPA3R
1,3900758,3900758,2,PA,USPAPA3R
OJMD Partnership,3900758,3900758,24,PA,USPAPA3R
Mudmixer123,3900758,3900758,26,PA,USPAPA3R
********,3900758,3900758,27,PA,USPAPA3R
3015 Blossom Trail Ln,3900758,3900758,28,PA,USPAPA3R
Franklin,3900758,3900758,30,PA,USPAPA3R
TN,3900758,3900758,31,PA,USPAPA3R
37064-3363,3900758,3900758,32,PA,USPAPA3R
US,3900758,3900758,33,PA,USPAPA3R
(806) 515-4683,3900758,3900758,34,PA,USPAPA3R
45-3991770,3900758,3900758,36,PA,USPAPA3R
,3900767,3900767,1,WV,USWVCST200CU
1,3900767,3900767,2,WV,USWVCST200CU
OJMD Partnership,3900767,3900767,24,WV,USWVCST200CU
Mudmixer,3900767,3900767,26,WV,USWVCST200CU
********,3900767,3900767,27,WV,USWVCST200CU
3015 Blossom Trail Ln,3900767,3900767,28,WV,USWVCST200CU
Franklin,3900767,3900767,30,WV,USWVCST200CU
TN,3900767,3900767,31,WV,USWVCST200CU
37064-3363,3900767,3900767,32,WV,USWVCST200CU
US,3900767,3900767,33,WV,USWVCST200CU
(806) 515-4683,3900767,3900767,34,WV,USWVCST200CU
45-3991770,3900767,3900767,36,WV,USWVCST200CU
,3928344,3928344,1,OH,USOHUST1
1,3928344,3928344,2,OH,USOHUST1
OJMD Partnership,3928344,3928344,24,OH,USOHUST1
Reddog_1234,3928344,3928344,26,OH,USOHUST1
********,3928344,3928344,27,OH,USOHUST1
3015 Blossom Trail Ln,3928344,3928344,28,OH,USOHUST1
Franklin,3928344,3928344,30,OH,USOHUST1
TN,3928344,3928344,31,OH,USOHUST1
37064-3363,3928344,3928344,32,OH,USOHUST1
US,3928344,3928344,33,OH,USOHUST1
8065154683,3928344,3928344,34,OH,USOHUST1
45-3991770,3928344,3928344,36,OH,USOHUST1
,3968343,3968343,1,TX,USTX0111401116
1,3968343,3968343,2,TX,USTX0111401116
OJMD Partnership,3968343,3968343,24,TX,USTX0111401116
RedDogMS,3968343,3968343,26,TX,USTX0111401116
********,3968343,3968343,27,TX,USTX0111401116
3015 Blossom Trail Ln,3968343,3968343,28,TX,USTX0111401116
Franklin,3968343,3968343,30,TX,USTX0111401116
TN,3968343,3968343,31,TX,USTX0111401116
37064-3363,3968343,3968343,32,TX,USTX0111401116
US,3968343,3968343,33,TX,USTX0111401116
(806) 515-4683,3968343,3968343,34,TX,USTX0111401116
45-3991770,3968343,3968343,36,TX,USTX0111401116
,3900763,3900763,1,UT,USUTTC62MULTILOCATION
1,3900763,3900763,2,UT,USUTTC62MULTILOCATION
OJMD Partnership,3900763,3900763,24,UT,USUTTC62MULTILOCATION
viniCPA1234,3900763,3900763,26,UT,USUTTC62MULTILOCATION
********,3900763,3900763,27,UT,USUTTC62MULTILOCATION
3015 Blossom Trail Ln,3900763,3900763,28,UT,USUTTC62MULTILOCATION
Franklin,3900763,3900763,30,UT,USUTTC62MULTILOCATION
TN,3900763,3900763,31,UT,USUTTC62MULTILOCATION
37064-3363,3900763,3900763,32,UT,USUTTC62MULTILOCATION
US,3900763,3900763,33,UT,USUTTC62MULTILOCATION
(806) 515-4683,3900763,3900763,34,UT,USUTTC62MULTILOCATION
45-3991770,3900763,3900763,36,UT,USUTTC62MULTILOCATION
,3900747,3900747,1,MO,USMO531
1,3900747,3900747,2,MO,USMO531
OJMD Partnership,3900747,3900747,24,MO,USMO531
ViniCPA,3900747,3900747,26,MO,USMO531
********,3900747,3900747,27,MO,USMO531
3015 Blossom Trail Ln,3900747,3900747,28,MO,USMO531
Franklin,3900747,3900747,30,MO,USMO531
TN,3900747,3900747,31,MO,USMO531
37064-3363,3900747,3900747,32,MO,USMO531
US,3900747,3900747,33,MO,USMO531
(806) 515-4683,3900747,3900747,34,MO,USMO531
45-3991770,3900747,3900747,36,MO,USMO531
,4161400,4161400,1,TN,USTNSLS450
1,4161400,4161400,2,TN,USTNSLS450
"MudMixer, LLC",4161400,4161400,24,TN,USTNSLS450
MudMixer1,4161400,4161400,26,TN,USTNSLS450
********,4161400,4161400,27,TN,USTNSLS450
5109 82nd St Unit 71215,4161400,4161400,28,TN,USTNSLS450
Lubbock,4161400,4161400,30,TN,USTNSLS450
TX,4161400,4161400,31,TN,USTNSLS450
79424-3000,4161400,4161400,32,TN,USTNSLS450
US,4161400,4161400,33,TN,USTNSLS450
8065154683,4161400,4161400,34,TN,USTNSLS450
47-3097812,4161400,4161400,36,TN,USTNSLS450
,3900738,3900738,1,KS,USKSST36
1,3900738,3900738,2,KS,USKSST36
"MudMixer, LLC",3900738,3900738,24,KS,USKSST36
admin@cpajain.com,3900738,3900738,26,KS,USKSST36
********,3900738,3900738,27,KS,USKSST36
5109 82nd St Unit 71215,3900738,3900738,28,KS,USKSST36
Lubbock,3900738,3900738,30,KS,USKSST36
TX,3900738,3900738,31,KS,USKSST36
79424-3000,3900738,3900738,32,KS,USKSST36
US,3900738,3900738,33,KS,USKSST36
(806) 515-4683,3900738,3900738,34,KS,USKSST36
47-3097812,3900738,3900738,36,KS,USKSST36
,3940242,3940242,1,NM,USNMTRD41413
1,3940242,3940242,2,NM,USNMTRD41413
OJMD Partnership,3940242,3940242,24,NM,USNMTRD41413
mudmixer,3940242,3940242,26,NM,USNMTRD41413
********,3940242,3940242,27,NM,USNMTRD41413
3015 Blossom Trail Ln,3940242,3940242,28,NM,USNMTRD41413
Franklin,3940242,3940242,30,NM,USNMTRD41413
TN,3940242,3940242,31,NM,USNMTRD41413
37064-3363,3940242,3940242,32,NM,USNMTRD41413
US,3940242,3940242,33,NM,USNMTRD41413
(806) 515-4683,3940242,3940242,34,NM,USNMTRD41413
45-3991770,3940242,3940242,36,NM,USNMTRD41413
,4204435,4204435,1,IN,USINST103
1,4204435,4204435,2,IN,USINST103
OJMD Partnership,4204435,4204435,24,IN,USINST103
Reddog1234,4204435,4204435,26,IN,USINST103
********,4204435,4204435,27,IN,USINST103
3015 Blossom Trail Ln,4204435,4204435,28,IN,USINST103
Franklin,4204435,4204435,30,IN,USINST103
TN,4204435,4204435,31,IN,USINST103
37064-3363,4204435,4204435,32,IN,USINST103
US,4204435,4204435,33,IN,USINST103
(806) 515-4683,4204435,4204435,34,IN,USINST103
45-3991770,4204435,4204435,36,IN,USINST103
,3900759,3900759,1,SC,USSCST3
1,3900759,3900759,2,SC,USSCST3
OJMD Partnership,3900759,3900759,24,SC,USSCST3
viniCPA1234,3900759,3900759,26,SC,USSCST3
********,3900759,3900759,27,SC,USSCST3
3015 Blossom Trail Ln,3900759,3900759,28,SC,USSCST3
Franklin,3900759,3900759,30,SC,USSCST3
TN,3900759,3900759,31,SC,USSCST3
37064-3363,3900759,3900759,32,SC,USSCST3
US,3900759,3900759,33,SC,USSCST3
(806) 515-4683,3900759,3900759,34,SC,USSCST3
45-3991770,3900759,3900759,36,SC,USSCST3
,3900776,3900776,1,CT,USCTOS114
1,3900776,3900776,2,CT,USCTOS114
"MudMixer, LLC",3900776,3900776,24,CT,USCTOS114
Mudmixer,3900776,3900776,26,CT,USCTOS114
********,3900776,3900776,27,CT,USCTOS114
6621 Winfield Ave Ste A,3900776,3900776,28,CT,USCTOS114
Lubbock,3900776,3900776,30,CT,USCTOS114
TX,3900776,3900776,31,CT,USCTOS114
79407-5521,3900776,3900776,32,CT,USCTOS114
US,3900776,3900776,33,CT,USCTOS114
(806) 515-4683,3900776,3900776,34,CT,USCTOS114
47-3097812,3900776,3900776,36,CT,USCTOS114
,3900742,3900742,1,MD,USMDSALESUSE
1,3900742,3900742,2,MD,USMDSALESUSE
OJMD Partnership,3900742,3900742,24,MD,USMDSALESUSE
Mudmixer,3900742,3900742,26,MD,USMDSALESUSE
********,3900742,3900742,27,MD,USMDSALESUSE
3015 Blossom Trail Ln,3900742,3900742,28,MD,USMDSALESUSE
Franklin,3900742,3900742,30,MD,USMDSALESUSE
TN,3900742,3900742,31,MD,USMDSALESUSE
37064-3363,3900742,3900742,32,MD,USMDSALESUSE
US,3900742,3900742,33,MD,USMDSALESUSE
(806) 515-4683,3900742,3900742,34,MD,USMDSALESUSE
45-3991770,3900742,3900742,36,MD,USMDSALESUSE
,3900772,3900772,1,AZ,USAZTPT2
1,3900772,3900772,2,AZ,USAZTPT2
OJMD Partnership,3900772,3900772,24,AZ,USAZTPT2
vini@cpajain.com,3900772,3900772,26,AZ,USAZTPT2
********,3900772,3900772,27,AZ,USAZTPT2
3015 Blossom Trail Ln,3900772,3900772,28,AZ,USAZTPT2
Franklin,3900772,3900772,30,AZ,USAZTPT2
TN,3900772,3900772,31,AZ,USAZTPT2
37064-3363,3900772,3900772,32,AZ,USAZTPT2
US,3900772,3900772,33,AZ,USAZTPT2
(806) 515-4683,3900772,3900772,34,AZ,USAZTPT2
45-3991770,3900772,3900772,36,AZ,USAZTPT2
,3900766,3900766,1,WI,USWIST12CT
1,3900766,3900766,2,WI,USWIST12CT
OJMD Partnership,3900766,3900766,24,WI,USWIST12CT
S00344388,3900766,3900766,26,WI,USWIST12CT
********,3900766,3900766,27,WI,USWIST12CT
3015 Blossom Trail Ln,3900766,3900766,28,WI,USWIST12CT
Franklin,3900766,3900766,30,WI,USWIST12CT
TN,3900766,3900766,31,WI,USWIST12CT
37064-3363,3900766,3900766,32,WI,USWIST12CT
US,3900766,3900766,33,WI,USWIST12CT
(806) 515-4683,3900766,3900766,34,WI,USWIST12CT
45-3991770,3900766,3900766,36,WI,USWIST12CT
,4082090,4082090,1,AL,USAL2620
1,4082090,4082090,2,AL,USAL2620
"MudMixer, LLC",4082090,4082090,24,AL,USAL2620
Mudmixer,4082090,4082090,26,AL,USAL2620
********,4082090,4082090,27,AL,USAL2620
6621 Winfield Ave Ste A,4082090,4082090,28,AL,USAL2620
Lubbock,4082090,4082090,30,AL,USAL2620
TX,4082090,4082090,31,AL,USAL2620
79407-5521,4082090,4082090,32,AL,USAL2620
US,4082090,4082090,33,AL,USAL2620
(806) 515-4683,4082090,4082090,34,AL,USAL2620
47-3097812,4082090,4082090,36,AL,USAL2620
,3968085,3968085,1,KY,USKY51A102
1,3968085,3968085,2,KY,USKY51A102
OJMD Partnership,3968085,3968085,24,KY,USKY51A102
mudmixer,3968085,3968085,26,KY,USKY51A102
********,3968085,3968085,27,KY,USKY51A102
3015 Blossom Trail Ln,3968085,3968085,28,KY,USKY51A102
Franklin,3968085,3968085,30,KY,USKY51A102
TN,3968085,3968085,31,KY,USKY51A102
37064-3363,3968085,3968085,32,KY,USKY51A102
US,3968085,3968085,33,KY,USKY51A102
(806) 515-4683,3968085,3968085,34,KY,USKY51A102
45-3991770,3968085,3968085,36,KY,USKY51A102
,3900755,3900755,1,NY,USNYST100
1,3900755,3900755,2,NY,USNYST100
OJMD Partnership,3900755,3900755,24,NY,USNYST100
Reddog_1234,3900755,3900755,26,NY,USNYST100
********,3900755,3900755,27,NY,USNYST100
3015 Blossom Trail Ln,3900755,3900755,28,NY,USNYST100
Franklin,3900755,3900755,30,NY,USNYST100
TN,3900755,3900755,31,NY,USNYST100
37064-3363,3900755,3900755,32,NY,USNYST100
US,3900755,3900755,33,NY,USNYST100
(806) 515-4683,3900755,3900755,34,NY,USNYST100
45-3991770,3900755,3900755,36,NY,USNYST100
,4146663,4146663,1,WA,USWAMULTIPURPOSEST
1,4146663,4146663,2,WA,USWAMULTIPURPOSEST
OJMD Partnership,4146663,4146663,24,WA,USWAMULTIPURPOSEST
nate@mudmixer.com,4146663,4146663,26,WA,USWAMULTIPURPOSEST
********,4146663,4146663,27,WA,USWAMULTIPURPOSEST
3015 Blossom Trail Ln,4146663,4146663,28,WA,USWAMULTIPURPOSEST
Franklin,4146663,4146663,30,WA,USWAMULTIPURPOSEST
TN,4146663,4146663,31,WA,USWAMULTIPURPOSEST
37064-3363,4146663,4146663,32,WA,USWAMULTIPURPOSEST
US,4146663,4146663,33,WA,USWAMULTIPURPOSEST
(806) 515-4683,4146663,4146663,34,WA,USWAMULTIPURPOSEST
45-3991770,4146663,4146663,36,WA,USWAMULTIPURPOSEST
,4072407,4072407,1,AL,USALCULLMAN
1,4072407,4072407,2,AL,USALCULLMAN
"MudMixer, LLC",4072407,4072407,24,AL,USALCULLMAN
ViniCPA,4072407,4072407,26,AL,USALCULLMAN
********,4072407,4072407,27,AL,USALCULLMAN
6621 Winfield Ave Ste A,4072407,4072407,28,AL,USALCULLMAN
Lubbock,4072407,4072407,30,AL,USALCULLMAN
TX,4072407,4072407,31,AL,USALCULLMAN
79407-5521,4072407,4072407,32,AL,USALCULLMAN
US,4072407,4072407,33,AL,USALCULLMAN
(806) 515-4683,4072407,4072407,34,AL,USALCULLMAN
47-3097812,4072407,4072407,36,AL,USALCULLMAN
,4072405,4072405,1,AL,USALMONTGOMERYCOUNTY
1,4072405,4072405,2,AL,USALMONTGOMERYCOUNTY
"MudMixer, LLC",4072405,4072405,24,AL,USALMONTGOMERYCOUNTY
ViniCPA,4072405,4072405,26,AL,USALMONTGOMERYCOUNTY
********,4072405,4072405,27,AL,USALMONTGOMERYCOUNTY
6621 Winfield Ave Ste A,4072405,4072405,28,AL,USALMONTGOMERYCOUNTY
Lubbock,4072405,4072405,30,AL,USALMONTGOMERYCOUNTY
TX,4072405,4072405,31,AL,USALMONTGOMERYCOUNTY
79407-5521,4072405,4072405,32,AL,USALMONTGOMERYCOUNTY
US,4072405,4072405,33,AL,USALMONTGOMERYCOUNTY
(806) 515-4683,4072405,4072405,34,AL,USALMONTGOMERYCOUNTY
47-3097812,4072405,4072405,36,AL,USALMONTGOMERYCOUNTY
,4072408,4072408,1,AL,USALCULLMANCU
1,4072408,4072408,2,AL,USALCULLMANCU
"MudMixer, LLC",4072408,4072408,24,AL,USALCULLMANCU
ViniCPA,4072408,4072408,26,AL,USALCULLMANCU
********,4072408,4072408,27,AL,USALCULLMANCU
6621 Winfield Ave Ste A,4072408,4072408,28,AL,USALCULLMANCU
Lubbock,4072408,4072408,30,AL,USALCULLMANCU
TX,4072408,4072408,31,AL,USALCULLMANCU
79407-5521,4072408,4072408,32,AL,USALCULLMANCU
US,4072408,4072408,33,AL,USALCULLMANCU
(806) 515-4683,4072408,4072408,34,AL,USALCULLMANCU
47-3097812,4072408,4072408,36,AL,USALCULLMANCU
,4072411,4072411,1,AL,USALBALDWINCOUNTY
1,4072411,4072411,2,AL,USALBALDWINCOUNTY
"MudMixer, LLC",4072411,4072411,24,AL,USALBALDWINCOUNTY
ViniCPA,4072411,4072411,26,AL,USALBALDWINCOUNTY
********,4072411,4072411,27,AL,USALBALDWINCOUNTY
6621 Winfield Ave Ste A,4072411,4072411,28,AL,USALBALDWINCOUNTY
Lubbock,4072411,4072411,30,AL,USALBALDWINCOUNTY
TX,4072411,4072411,31,AL,USALBALDWINCOUNTY
79407-5521,4072411,4072411,32,AL,USALBALDWINCOUNTY
US,4072411,4072411,33,AL,USALBALDWINCOUNTY
(806) 515-4683,4072411,4072411,34,AL,USALBALDWINCOUNTY
47-3097812,4072411,4072411,36,AL,USALBALDWINCOUNTY
,4072425,4072425,1,AL,USALHELENA
1,4072425,4072425,2,AL,USALHELENA
"MudMixer, LLC",4072425,4072425,24,AL,USALHELENA
ViniCPA,4072425,4072425,26,AL,USALHELENA
********,4072425,4072425,27,AL,USALHELENA
6621 Winfield Ave Ste A,4072425,4072425,28,AL,USALHELENA
Lubbock,4072425,4072425,30,AL,USALHELENA
TX,4072425,4072425,31,AL,USALHELENA
79407-5521,4072425,4072425,32,AL,USALHELENA
US,4072425,4072425,33,AL,USALHELENA
(806) 515-4683,4072425,4072425,34,AL,USALHELENA
47-3097812,4072425,4072425,36,AL,USALHELENA
,4072415,4072415,1,AL,USALSTACSCOMBINED
1,4072415,4072415,2,AL,USALSTACSCOMBINED
"MudMixer, LLC",4072415,4072415,24,AL,USALSTACSCOMBINED
ViniCPA,4072415,4072415,26,AL,USALSTACSCOMBINED
********,4072415,4072415,27,AL,USALSTACSCOMBINED
6621 Winfield Ave Ste A,4072415,4072415,28,AL,USALSTACSCOMBINED
Lubbock,4072415,4072415,30,AL,USALSTACSCOMBINED
TX,4072415,4072415,31,AL,USALSTACSCOMBINED
79407-5521,4072415,4072415,32,AL,USALSTACSCOMBINED
US,4072415,4072415,33,AL,USALSTACSCOMBINED
(806) 515-4683,4072415,4072415,34,AL,USALSTACSCOMBINED
47-3097812,4072415,4072415,36,AL,USALSTACSCOMBINED
,4072423,4072423,1,AL,USALMOBILECOUNTY
1,4072423,4072423,2,AL,USALMOBILECOUNTY
"MudMixer, LLC",4072423,4072423,24,AL,USALMOBILECOUNTY
ViniCPA,4072423,4072423,26,AL,USALMOBILECOUNTY
********,4072423,4072423,27,AL,USALMOBILECOUNTY
6621 Winfield Ave Ste A,4072423,4072423,28,AL,USALMOBILECOUNTY
Lubbock,4072423,4072423,30,AL,USALMOBILECOUNTY
TX,4072423,4072423,31,AL,USALMOBILECOUNTY
79407-5521,4072423,4072423,32,AL,USALMOBILECOUNTY
US,4072423,4072423,33,AL,USALMOBILECOUNTY
(806) 515-4683,4072423,4072423,34,AL,USALMOBILECOUNTY
47-3097812,4072423,4072423,36,AL,USALMOBILECOUNTY
,4082092,4082092,1,AL,USALMADISONCOUNTY
1,4082092,4082092,2,AL,USALMADISONCOUNTY
"MudMixer, LLC",4082092,4082092,24,AL,USALMADISONCOUNTY
Mudmixer,4082092,4082092,26,AL,USALMADISONCOUNTY
********,4082092,4082092,27,AL,USALMADISONCOUNTY
6621 Winfield Ave Ste A,4082092,4082092,28,AL,USALMADISONCOUNTY
Lubbock,4082092,4082092,30,AL,USALMADISONCOUNTY
TX,4082092,4082092,31,AL,USALMADISONCOUNTY
79407-5521,4082092,4082092,32,AL,USALMADISONCOUNTY
US,4082092,4082092,33,AL,USALMADISONCOUNTY
(806) 515-4683,4082092,4082092,34,AL,USALMADISONCOUNTY
47-3097812,4082092,4082092,36,AL,USALMADISONCOUNTY
,4072420,4072420,1,AL,USALTUSCALOOSACITYUSE
1,4072420,4072420,2,AL,USALTUSCALOOSACITYUSE
"MudMixer, LLC",4072420,4072420,24,AL,USALTUSCALOOSACITYUSE
ViniCPA,4072420,4072420,26,AL,USALTUSCALOOSACITYUSE
********,4072420,4072420,27,AL,USALTUSCALOOSACITYUSE
6621 Winfield Ave Ste A,4072420,4072420,28,AL,USALTUSCALOOSACITYUSE
Lubbock,4072420,4072420,30,AL,USALTUSCALOOSACITYUSE
TX,4072420,4072420,31,AL,USALTUSCALOOSACITYUSE
79407-5521,4072420,4072420,32,AL,USALTUSCALOOSACITYUSE
US,4072420,4072420,33,AL,USALTUSCALOOSACITYUSE
(806) 515-4683,4072420,4072420,34,AL,USALTUSCALOOSACITYUSE
47-3097812,4072420,4072420,36,AL,USALTUSCALOOSACITYUSE
,4072414,4072414,1,AL,USALSHELBYCOUNTY
1,4072414,4072414,2,AL,USALSHELBYCOUNTY
"MudMixer, LLC",4072414,4072414,24,AL,USALSHELBYCOUNTY
ViniCPA,4072414,4072414,26,AL,USALSHELBYCOUNTY
********,4072414,4072414,27,AL,USALSHELBYCOUNTY
6621 Winfield Ave Ste A,4072414,4072414,28,AL,USALSHELBYCOUNTY
Lubbock,4072414,4072414,30,AL,USALSHELBYCOUNTY
TX,4072414,4072414,31,AL,USALSHELBYCOUNTY
79407-5521,4072414,4072414,32,AL,USALSHELBYCOUNTY
US,4072414,4072414,33,AL,USALSHELBYCOUNTY
(806) 515-4683,4072414,4072414,34,AL,USALSHELBYCOUNTY
47-3097812,4072414,4072414,36,AL,USALSHELBYCOUNTY
,4072416,4072416,1,AL,USALTUSCALOOSACITY
1,4072416,4072416,2,AL,USALTUSCALOOSACITY
"MudMixer, LLC",4072416,4072416,24,AL,USALTUSCALOOSACITY
ViniCPA,4072416,4072416,26,AL,USALTUSCALOOSACITY
********,4072416,4072416,27,AL,USALTUSCALOOSACITY
6621 Winfield Ave Ste A,4072416,4072416,28,AL,USALTUSCALOOSACITY
Lubbock,4072416,4072416,30,AL,USALTUSCALOOSACITY
TX,4072416,4072416,31,AL,USALTUSCALOOSACITY
79407-5521,4072416,4072416,32,AL,USALTUSCALOOSACITY
US,4072416,4072416,33,AL,USALTUSCALOOSACITY
(806) 515-4683,4072416,4072416,34,AL,USALTUSCALOOSACITY
47-3097812,4072416,4072416,36,AL,USALTUSCALOOSACITY
,4082088,4082088,1,AL,USALALATAXUNIVERSAL
1,4082088,4082088,2,AL,USALALATAXUNIVERSAL
"MudMixer, LLC",4082088,4082088,24,AL,USALALATAXUNIVERSAL
ViniCPA,4082088,4082088,26,AL,USALALATAXUNIVERSAL
********,4082088,4082088,27,AL,USALALATAXUNIVERSAL
6621 Winfield Ave Ste A,4082088,4082088,28,AL,USALALATAXUNIVERSAL
Lubbock,4082088,4082088,30,AL,USALALATAXUNIVERSAL
TX,4082088,4082088,31,AL,USALALATAXUNIVERSAL
79407-5521,4082088,4082088,32,AL,USALALATAXUNIVERSAL
US,4082088,4082088,33,AL,USALALATAXUNIVERSAL
(806) 515-4683,4082088,4082088,34,AL,USALALATAXUNIVERSAL
47-3097812,4082088,4082088,36,AL,USALALATAXUNIVERSAL
,3900754,3900754,1,NV,USNVTXR01
1,3900754,3900754,2,NV,USNVTXR01
OJMD Partnership,3900754,3900754,24,NV,USNVTXR01
vini1mudmixer.com,3900754,3900754,26,NV,USNVTXR01
********,3900754,3900754,27,NV,USNVTXR01
3015 Blossom Trail Ln,3900754,3900754,28,NV,USNVTXR01
Franklin,3900754,3900754,30,NV,USNVTXR01
TN,3900754,3900754,31,NV,USNVTXR01
37064-3363,3900754,3900754,32,NV,USNVTXR01
US,3900754,3900754,33,NV,USNVTXR01
(806) 515-4683,3900754,3900754,34,NV,USNVTXR01
45-3991770,3900754,3900754,36,NV,USNVTXR01
,3900756,3900756,1,OH,USOHUST1
1,3900756,3900756,2,OH,USOHUST1
OJMD Partnership,3900756,3900756,24,OH,USOHUST1
Reddog_1234,3900756,3900756,26,OH,USOHUST1
********,3900756,3900756,27,OH,USOHUST1
3015 Blossom Trail Ln,3900756,3900756,28,OH,USOHUST1
Franklin,3900756,3900756,30,OH,USOHUST1
TN,3900756,3900756,31,OH,USOHUST1
37064-3363,3900756,3900756,32,OH,USOHUST1
US,3900756,3900756,33,OH,USOHUST1
(806) 515-4683,3900756,3900756,34,OH,USOHUST1
45-3991770,3900756,3900756,36,OH,USOHUST1
,3900761,3900761,1,TN,USTNSLS450
1,3900761,3900761,2,TN,USTNSLS450
"MudMixer, LLC",3900761,3900761,24,TN,USTNSLS450
MudMixer1,3900761,3900761,26,TN,USTNSLS450
********,3900761,3900761,27,TN,USTNSLS450
5109 82nd St Unit 71215,3900761,3900761,28,TN,USTNSLS450
Lubbock,3900761,3900761,30,TN,USTNSLS450
TX,3900761,3900761,31,TN,USTNSLS450
79424-3000,3900761,3900761,32,TN,USTNSLS450
US,3900761,3900761,33,TN,USTNSLS450
8065154683,3900761,3900761,34,TN,USTNSLS450
47-3097812,3900761,3900761,36,TN,USTNSLS450
,3900753,3900753,1,NM,USNMTRD41413
1,3900753,3900753,2,NM,USNMTRD41413
OJMD Partnership,3900753,3900753,24,NM,USNMTRD41413
mudmixer,3900753,3900753,26,NM,USNMTRD41413
********,3900753,3900753,27,NM,USNMTRD41413
3015 Blossom Trail Ln,3900753,3900753,28,NM,USNMTRD41413
Franklin,3900753,3900753,30,NM,USNMTRD41413
TN,3900753,3900753,31,NM,USNMTRD41413
37064-3363,3900753,3900753,32,NM,USNMTRD41413
US,3900753,3900753,33,NM,USNMTRD41413
(806) 515-4683,3900753,3900753,34,NM,USNMTRD41413
45-3991770,3900753,3900753,36,NM,USNMTRD41413
,3917556,3917556,1,NM,USNMTRD41413
1,3917556,3917556,2,NM,USNMTRD41413
OJMD Partnership,3917556,3917556,24,NM,USNMTRD41413
mudmixer,3917556,3917556,26,NM,USNMTRD41413
********,3917556,3917556,27,NM,USNMTRD41413
3015 Blossom Trail Ln,3917556,3917556,28,NM,USNMTRD41413
Franklin,3917556,3917556,30,NM,USNMTRD41413
TN,3917556,3917556,31,NM,USNMTRD41413
37064-3363,3917556,3917556,32,NM,USNMTRD41413
US,3917556,3917556,33,NM,USNMTRD41413
(806) 515-4683,3917556,3917556,34,NM,USNMTRD41413
45-3991770,3917556,3917556,36,NM,USNMTRD41413
,3917661,3917661,1,NV,USNVTXR01
1,3917661,3917661,2,NV,USNVTXR01
"MudMixer, LLC",3917661,3917661,24,NV,USNVTXR01
MudMixer3031,3917661,3917661,26,NV,USNVTXR01
********,3917661,3917661,27,NV,USNVTXR01
3401 Mallory Ln Ste 100,3917661,3917661,28,NV,USNVTXR01
Franklin,3917661,3917661,30,NV,USNVTXR01
TN,3917661,3917661,31,NV,USNVTXR01
37067-2026,3917661,3917661,32,NV,USNVTXR01
US,3917661,3917661,33,NV,USNVTXR01
901-341-3031,3917661,3917661,34,NV,USNVTXR01
47-3097812,3917661,3917661,36,NV,USNVTXR01
,4080856,4080856,1,SK,CASK
1,4080856,4080856,2,SK,CASK
"MudMixer, LLC",4080856,4080856,24,SK,CASK
MudMixer3031,4080856,4080856,26,SK,CASK
********,4080856,4080856,27,SK,CASK
6621 Winfield Ave Ste A,4080856,4080856,28,SK,CASK
,4080856,4080856,29,SK,CASK
Lubbock,4080856,4080856,30,SK,CASK
TX,4080856,4080856,31,SK,CASK
79407-5521,4080856,4080856,32,SK,CASK
US,4080856,4080856,33,SK,CASK
806-515-4683,4080856,4080856,34,SK,CASK
47-3097812,4080856,4080856,36,SK,CASK
,3900774,3900774,1,CA,USCAPREPAYMENT
1,3900774,3900774,2,CA,USCAPREPAYMENT
"MudMixer, LLC",3900774,3900774,24,CA,USCAPREPAYMENT
RedDogMS,3900774,3900774,26,CA,USCAPREPAYMENT
********,3900774,3900774,27,CA,USCAPREPAYMENT
5109 82nd St Unit 71215,3900774,3900774,28,CA,USCAPREPAYMENT
Lubbock,3900774,3900774,30,CA,USCAPREPAYMENT
TX,3900774,3900774,31,CA,USCAPREPAYMENT
79424-3000,3900774,3900774,32,CA,USCAPREPAYMENT
US,3900774,3900774,33,CA,USCAPREPAYMENT
8065154683,3900774,3900774,34,CA,USCAPREPAYMENT
47-3097812,3900774,3900774,36,CA,USCAPREPAYMENT
,3900750,3900750,1,ND,USNDST1
1,3900750,3900750,2,ND,USNDST1
"MudMixer, LLC",3900750,3900750,24,ND,USNDST1
Mudmixer123,3900750,3900750,26,ND,USNDST1
********,3900750,3900750,27,ND,USNDST1
3015 Blossom Trail Ln,3900750,3900750,28,ND,USNDST1
Franklin,3900750,3900750,30,ND,USNDST1
TN,3900750,3900750,31,ND,USNDST1
37064-3363,3900750,3900750,32,ND,USNDST1
US,3900750,3900750,33,ND,USNDST1
(806) 515-4683,3900750,3900750,34,ND,USNDST1
47-3097812,3900750,3900750,36,ND,USNDST1
,3900748,3900748,1,MS,USMS72110015
1,3900748,3900748,2,MS,USMS72110015
"MudMixer, LLC",3900748,3900748,24,MS,USMS72110015
Mudmixer1234,3900748,3900748,26,MS,USMS72110015
********,3900748,3900748,27,MS,USMS72110015
3015 Blossom Trail Ln,3900748,3900748,28,MS,USMS72110015
Franklin,3900748,3900748,30,MS,USMS72110015
TN,3900748,3900748,31,MS,USMS72110015
37064-3363,3900748,3900748,32,MS,USMS72110015
US,3900748,3900748,33,MS,USMS72110015
8065154683,3900748,3900748,34,MS,USMS72110015
47-3097812,3900748,3900748,36,MS,USMS72110015
,3900760,3900760,1,SD,USSDRV11STRTNMTS
1,3900760,3900760,2,SD,USSDRV11STRTNMTS
"MudMixer, LLC",3900760,3900760,24,SD,USSDRV11STRTNMTS
vini@cpajain.com,3900760,3900760,26,SD,USSDRV11STRTNMTS
********,3900760,3900760,27,SD,USSDRV11STRTNMTS
5109 82nd St Unit 71215,3900760,3900760,28,SD,USSDRV11STRTNMTS
Lubbock,3900760,3900760,30,SD,USSDRV11STRTNMTS
TX,3900760,3900760,31,SD,USSDRV11STRTNMTS
79424-3000,3900760,3900760,32,SD,USSDRV11STRTNMTS
US,3900760,3900760,33,SD,USSDRV11STRTNMTS
(806) 515-4683,3900760,3900760,34,SD,USSDRV11STRTNMTS
47-3097812,3900760,3900760,36,SD,USSDRV11STRTNMTS
,3929506,3929506,1,NV,USNVTXR01
1,3929506,3929506,2,NV,USNVTXR01
"MudMixer, LLC",3929506,3929506,24,NV,USNVTXR01
MudMixer3031,3929506,3929506,26,NV,USNVTXR01
********,3929506,3929506,27,NV,USNVTXR01
3401 Mallory Ln Ste 100,3929506,3929506,28,NV,USNVTXR01
Franklin,3929506,3929506,30,NV,USNVTXR01
TN,3929506,3929506,31,NV,USNVTXR01
37067-2026,3929506,3929506,32,NV,USNVTXR01
US,3929506,3929506,33,NV,USNVTXR01
901-341-3031,3929506,3929506,34,NV,USNVTXR01
47-3097812,3929506,3929506,36,NV,USNVTXR01
,3900740,3900740,1,LA,USLARSSTR
1,3900740,3900740,2,LA,USLARSSTR
"MudMixer, LLC",3900740,3900740,24,LA,USLARSSTR
Mud4683,3900740,3900740,26,LA,USLARSSTR
********,3900740,3900740,27,LA,USLARSSTR
6621 Winfield Ave Ste A,3900740,3900740,28,LA,USLARSSTR
Lubbock,3900740,3900740,30,LA,USLARSSTR
TX,3900740,3900740,31,LA,USLARSSTR
79407-5521,3900740,3900740,32,LA,USLARSSTR
US,3900740,3900740,33,LA,USLARSSTR
806-515-4683,3900740,3900740,34,LA,USLARSSTR
47-3097812,3900740,3900740,36,LA,USLARSSTR
,3900739,3900739,1,KY,USKY51A102
1,3900739,3900739,2,KY,USKY51A102
OJMD Partnership,3900739,3900739,24,KY,USKY51A102
vini@mudmixer.com,3900739,3900739,26,KY,USKY51A102
********,3900739,3900739,27,KY,USKY51A102
3015 Blossom Trail Ln,3900739,3900739,28,KY,USKY51A102
Franklin,3900739,3900739,30,KY,USKY51A102
TN,3900739,3900739,31,KY,USKY51A102
37064-3363,3900739,3900739,32,KY,USKY51A102
US,3900739,3900739,33,KY,USKY51A102
(806) 515-4683,3900739,3900739,34,KY,USKY51A102
45-3991770,3900739,3900739,36,KY,USKY51A102
,3900741,3900741,1,MA,USMAST9
1,3900741,3900741,2,MA,USMAST9
OJMD Partnership,3900741,3900741,24,MA,USMAST9
ViniCPA,3900741,3900741,26,MA,USMAST9
********,3900741,3900741,27,MA,USMAST9
3015 Blossom Trail Ln,3900741,3900741,28,MA,USMAST9
Franklin,3900741,3900741,30,MA,USMAST9
TN,3900741,3900741,31,MA,USMAST9
37064-3363,3900741,3900741,32,MA,USMAST9
US,3900741,3900741,33,MA,USMAST9
(806) 515-4683,3900741,3900741,34,MA,USMAST9
45-3991770,3900741,3900741,36,MA,USMAST9
,3900736,3900736,1,IN,USINST103
1,3900736,3900736,2,IN,USINST103
OJMD Partnership,3900736,3900736,24,IN,USINST103
Reddog1234,3900736,3900736,26,IN,USINST103
********,3900736,3900736,27,IN,USINST103
3015 Blossom Trail Ln,3900736,3900736,28,IN,USINST103
Franklin,3900736,3900736,30,IN,USINST103
TN,3900736,3900736,31,IN,USINST103
37064-3363,3900736,3900736,32,IN,USINST103
US,3900736,3900736,33,IN,USINST103
(806) 515-4683,3900736,3900736,34,IN,USINST103
45-3991770,3900736,3900736,36,IN,USINST103
,3933591,3933591,1,MO,USMO53V
1,3933591,3933591,2,MO,USMO53V
"MudMixer, LLC",3933591,3933591,24,MO,USMO53V
ViniCPA,3933591,3933591,26,MO,USMO53V
********,3933591,3933591,27,MO,USMO53V
6621 Winfield Ave Ste A,3933591,3933591,28,MO,USMO53V
Lubbock,3933591,3933591,30,MO,USMO53V
TX,3933591,3933591,31,MO,USMO53V
79407-5521,3933591,3933591,32,MO,USMO53V
US,3933591,3933591,33,MO,USMO53V
806-515-4683,3933591,3933591,34,MO,USMO53V
47-3097812,3933591,3933591,36,MO,USMO53V
,4010419,4010419,1,MS,USMS72110015
1,4010419,4010419,2,MS,USMS72110015
OJMD PARTNERSHIP,4010419,4010419,24,MS,USMS72110015
Mudmixer1234,4010419,4010419,26,MS,USMS72110015
********,4010419,4010419,27,MS,USMS72110015
3015 Blossom Trail Ln,4010419,4010419,28,MS,USMS72110015
Franklin,4010419,4010419,30,MS,USMS72110015
TN,4010419,4010419,31,MS,USMS72110015
37064-3363,4010419,4010419,32,MS,USMS72110015
US,4010419,4010419,33,MS,USMS72110015
8065154683,4010419,4010419,34,MS,USMS72110015
47-3097812,4010419,4010419,36,MS,USMS72110015
,3900749,3900749,1,NC,USNCE500E536
1,3900749,3900749,2,NC,USNCE500E536
OJMD Partnership,3900749,3900749,24,NC,USNCE500E536
S00344388,3900749,3900749,26,NC,USNCE500E536
********,3900749,3900749,27,NC,USNCE500E536
3015 Blossom Trail Ln,3900749,3900749,28,NC,USNCE500E536
Franklin,3900749,3900749,30,NC,USNCE500E536
TN,3900749,3900749,31,NC,USNCE500E536
37064-3363,3900749,3900749,32,NC,USNCE500E536
US,3900749,3900749,33,NC,USNCE500E536
(806) 515-4683,3900749,3900749,34,NC,USNCE500E536
45-3991770,3900749,3900749,36,NC,USNCE500E536
,3917662,3917662,1,IA,USIA32028
1,3917662,3917662,2,IA,USIA32028
"MudMixer, LLC",3917662,3917662,24,IA,USIA32028
Mudmixer,3917662,3917662,26,IA,USIA32028
********,3917662,3917662,27,IA,USIA32028
3401 Mallory Ln Ste 100,3917662,3917662,28,IA,USIA32028
Franklin,3917662,3917662,30,IA,USIA32028
TN,3917662,3917662,31,IA,USIA32028
37067-2026,3917662,3917662,32,IA,USIA32028
US,3917662,3917662,33,IA,USIA32028
901-341-3031,3917662,3917662,34,IA,USIA32028
47-3097812,3917662,3917662,36,IA,USIA32028
,3900745,3900745,1,MI,USMI5081
1,3900745,3900745,2,MI,USMI5081
"MudMixer, LLC",3900745,3900745,24,MI,USMI5081
merrelln1234,3900745,3900745,26,MI,USMI5081
********,3900745,3900745,27,MI,USMI5081
5109 82nd St Unit 71215,3900745,3900745,28,MI,USMI5081
Lubbock,3900745,3900745,30,MI,USMI5081
TX,3900745,3900745,31,MI,USMI5081
79424-3000,3900745,3900745,32,MI,USMI5081
US,3900745,3900745,33,MI,USMI5081
8065154683,3900745,3900745,34,MI,USMI5081
47-3097812,3900745,3900745,36,MI,USMI5081
,3900764,3900764,1,VA,USVAST8
1,3900764,3900764,2,VA,USVAST8
OJMD Partnership,3900764,3900764,24,VA,USVAST8
MikeCarmody,3900764,3900764,26,VA,USVAST8
********,3900764,3900764,27,VA,USVAST8
3015 Blossom Trail Ln,3900764,3900764,28,VA,USVAST8
Franklin,3900764,3900764,30,VA,USVAST8
TN,3900764,3900764,31,VA,USVAST8
37064-3363,3900764,3900764,32,VA,USVAST8
US,3900764,3900764,33,VA,USVAST8
(806) 515-4683,3900764,3900764,34,VA,USVAST8
45-3991770,3900764,3900764,36,VA,USVAST8
,3900762,3900762,1,TX,USTX0111401116
1,3900762,3900762,2,TX,USTX0111401116
OJMD Partnership,3900762,3900762,24,TX,USTX0111401116
RedDogMS,3900762,3900762,26,TX,USTX0111401116
********,3900762,3900762,27,TX,USTX0111401116
3015 Blossom Trail Ln,3900762,3900762,28,TX,USTX0111401116
Franklin,3900762,3900762,30,TX,USTX0111401116
TN,3900762,3900762,31,TX,USTX0111401116
37064-3363,3900762,3900762,32,TX,USTX0111401116
US,3900762,3900762,33,TX,USTX0111401116
(806) 515-4683,3900762,3900762,34,TX,USTX0111401116
45-3991770,3900762,3900762,36,TX,USTX0111401116
,3900733,3900733,1,HI,USHIG49
1,3900733,3900733,2,HI,USHIG49
"MudMixer, LLC",3900733,3900733,24,HI,USHIG49
Reddog1234,3900733,3900733,26,HI,USHIG49
********,3900733,3900733,27,HI,USHIG49
5109 82nd St Unit 71215,3900733,3900733,28,HI,USHIG49
Lubbock,3900733,3900733,30,HI,USHIG49
TX,3900733,3900733,31,HI,USHIG49
79424-3000,3900733,3900733,32,HI,USHIG49
US,3900733,3900733,33,HI,USHIG49
8065154683,3900733,3900733,34,HI,USHIG49
47-3097812,3900733,3900733,36,HI,USHIG49
,3900751,3900751,1,NE,USNEFORM10COMBINED
1,3900751,3900751,2,NE,USNEFORM10COMBINED
"MudMixer, LLC",3900751,3900751,24,NE,USNEFORM10COMBINED
15235440,3900751,3900751,26,NE,USNEFORM10COMBINED
********,3900751,3900751,27,NE,USNEFORM10COMBINED
5109 82nd St Unit 71215,3900751,3900751,28,NE,USNEFORM10COMBINED
Lubbock,3900751,3900751,30,NE,USNEFORM10COMBINED
TX,3900751,3900751,31,NE,USNEFORM10COMBINED
79424-3000,3900751,3900751,32,NE,USNEFORM10COMBINED
US,3900751,3900751,33,NE,USNEFORM10COMBINED
8065154683,3900751,3900751,34,NE,USNEFORM10COMBINED
47-3097812,3900751,3900751,36,NE,USNEFORM10COMBINED
,4037599,4037599,1,MB,CAMB2234
1,4037599,4037599,2,MB,CAMB2234
"MudMixer, LLC",4037599,4037599,24,MB,CAMB2234
MudMixer3031,4037599,4037599,26,MB,CAMB2234
********,4037599,4037599,27,MB,CAMB2234
5109 82nd St Unit 71215,4037599,4037599,28,MB,CAMB2234
,4037599,4037599,29,MB,CAMB2234
Lubbock,4037599,4037599,30,MB,CAMB2234
TX,4037599,4037599,31,MB,CAMB2234
79424-3000,4037599,4037599,32,MB,CAMB2234
US,4037599,4037599,33,MB,CAMB2234
806-515-4683,4037599,4037599,34,MB,CAMB2234
47-3097812,4037599,4037599,36,MB,CAMB2234
,3900757,3900757,1,AL,USAL2620
1,3900757,3900757,2,AL,USAL2620
OJMD Partnership,3900757,3900757,24,AL,USAL2620
Mudmixer,3900757,3900757,26,AL,USAL2620
********,3900757,3900757,27,AL,USAL2620
3015 Blossom Trail Ln,3900757,3900757,28,AL,USAL2620
Franklin,3900757,3900757,30,AL,USAL2620
TN,3900757,3900757,31,AL,USAL2620
37064-3363,3900757,3900757,32,AL,USAL2620
US,3900757,3900757,33,AL,USAL2620
(806) 515-4683,3900757,3900757,34,AL,USAL2620
45-3991770,3900757,3900757,36,AL,USAL2620
,3979666,3979666,1,AL,USALMADISONCOUNTY
1,3979666,3979666,2,AL,USALMADISONCOUNTY
"MudMixer, LLC",3979666,3979666,24,AL,USALMADISONCOUNTY
ViniCPA,3979666,3979666,26,AL,USALMADISONCOUNTY
********,3979666,3979666,27,AL,USALMADISONCOUNTY
6621 Winfield Ave Ste A,3979666,3979666,28,AL,USALMADISONCOUNTY
Lubbock,3979666,3979666,30,AL,USALMADISONCOUNTY
TX,3979666,3979666,31,AL,USALMADISONCOUNTY
79407-5521,3979666,3979666,32,AL,USALMADISONCOUNTY
US,3979666,3979666,33,AL,USALMADISONCOUNTY
(806) 515-4683,3979666,3979666,34,AL,USALMADISONCOUNTY
47-3097812,3979666,3979666,36,AL,USALMADISONCOUNTY
,3900775,3900775,1,CO,USCODR0100CS
1,3900775,3900775,2,CO,USCODR0100CS
OJMD Partnership,3900775,3900775,24,CO,USCODR0100CS
Mudmixer,3900775,3900775,26,CO,USCODR0100CS
********,3900775,3900775,27,CO,USCODR0100CS
3015 Blossom Trail Ln,3900775,3900775,28,CO,USCODR0100CS
Franklin,3900775,3900775,30,CO,USCODR0100CS
TN,3900775,3900775,31,CO,USCODR0100CS
37064-3363,3900775,3900775,32,CO,USCODR0100CS
US,3900775,3900775,33,CO,USCODR0100CS
(806) 515-4683,3900775,3900775,34,CO,USCODR0100CS
45-3991770,3900775,3900775,36,CO,USCODR0100CS
,3900765,3900765,1,WA,USWAMULTIPURPOSEST
1,3900765,3900765,2,WA,USWAMULTIPURPOSEST
OJMD Partnership,3900765,3900765,24,WA,USWAMULTIPURPOSEST
nate@mudmixer.com,3900765,3900765,26,WA,USWAMULTIPURPOSEST
********,3900765,3900765,27,WA,USWAMULTIPURPOSEST
3015 Blossom Trail Ln,3900765,3900765,28,WA,USWAMULTIPURPOSEST
Franklin,3900765,3900765,30,WA,USWAMULTIPURPOSEST
TN,3900765,3900765,31,WA,USWAMULTIPURPOSEST
37064-3363,3900765,3900765,32,WA,USWAMULTIPURPOSEST
US,3900765,3900765,33,WA,USWAMULTIPURPOSEST
(806) 515-4683,3900765,3900765,34,WA,USWAMULTIPURPOSEST
45-3991770,3900765,3900765,36,WA,USWAMULTIPURPOSEST
,3900770,3900770,1,AL,USAL9501
1,3900770,3900770,2,AL,USAL9501
"MudMixer, LLC",3900770,3900770,24,AL,USAL9501
Mudmixer,3900770,3900770,26,AL,USAL9501
********,3900770,3900770,27,AL,USAL9501
5109 82nd St Unit 71215,3900770,3900770,28,AL,USAL9501
Lubbock,3900770,3900770,30,AL,USAL9501
TX,3900770,3900770,31,AL,USAL9501
79424-3000,3900770,3900770,32,AL,USAL9501
US,3900770,3900770,33,AL,USAL9501
(806) 515-4683,3900770,3900770,34,AL,USAL9501
47-3097812,3900770,3900770,36,AL,USAL9501
